University,Country,Total Score,Setting & Infrastructure,Energy & Climate Change,Waste,Water,Transportation,Education & Research,Rank
Wageningen University & Research,Netherland,9125,1250,1725,1800,1000,1550,1800,1
University Of Nottingham,UK,8600,1175,1675,1575,1000,1450,1725,2
University Of California Davis,USA,8575,1400,1375,1725,1000,1500,1575,3
University Of Oxford,UK,8525,1150,1625,1650,850,1600,1650,4
Nottingham Trent University,UK,8450,1225,1675,1800,550,1400,1800,5
Umwelt-Campus Birkenfeld,Germany,8350,1350,1700,1500,800,1275,1725,6
University Of Groningen,Netherland,8350,1100,1550,1575,1000,1550,1575,7
Bangor University,UK,8325,1250,1500,1650,425,1700,1800,8
University College Cork,Ireland,8250,1150,1475,1725,600,1650,1650,9
University Of Connecticut,USA,8150,1200,1350,1800,700,1450,1650,10
University of North Carolina Chapel Hill,USA,8125,1325,1300,1800,1000,1200,1500,11
Dublin City University,Ireland,8025,950,1700,1800,950,1200,1425,12
Keele University,UK,8025,1350,1650,1650,650,1300,1425,13
University of Bradford,UK,8000,1050,1675,1650,1000,1475,1150,14
Universita di Bologna,Italy,8000,1175,1325,1650,625,1650,1575,15
Universidad De Alcala,Spain,7975,1150,1800,1275,650,1400,1700,16
Shandong Normal University – Lishan College,China,7975,1300,1725,1350,800,1625,1175,17
Georgia Institute Of Technology,USA,7975,975,1675,1500,800,1450,1575,18
University Of Sussex,UK,7975,1100,1550,1650,950,1300,1425,19
University of Limerick,Ireland,7975,1125,1525,1500,775,1550,1500,20
Universitat fur Bodenkultur Wien,Austria,7975,1325,1500,1650,750,1250,1500,21
Université de Sherbrooke,Canada,7750,1075,1675,1500,725,1350,1425,22
Universidade de Sao Paulo USP,Brazil,7750,1450,1350,1500,700,1375,1375,23
Leiden University,Netherland,7725,775,1625,1650,700,1550,1425,24
Aalto University,Finland,7725,1075,1450,1350,875,1400,1575,25
University Of Warwick,UK,7625,1100,1350,1575,450,1500,1650,26
Universitas Indonesia,Indonesia,7625,1300,1350,1350,775,1225,1625,27
Universitat Bayreuth,Germany,7625,1100,1250,1800,650,1350,1475,28
Freie Universitat Berlin,Germany,7575,1000,1700,1500,775,1175,1425,29
Western Michigan University,USA,7575,1325,1550,1200,775,1375,1350,30
Delft University Of Technology Tu Delft,Netherland,7575,1050,1375,1425,725,1375,1625,31
Universiti Putra Malaysia,Malaysia,7575,1400,1200,1350,825,1450,1350,32
Carleton University,Canada,7550,950,1350,1575,675,1500,1500,33
University Of Texas Austin,USA,7525,900,1425,1350,875,1500,1475,34
University Of Leicester,UK,7500,1025,1225,1575,875,1300,1500,35
University of Malaya,Malaysia,7500,1150,1225,1425,950,1175,1575,36
Universitat Autonoma De Barcelona,Spain,7475,1075,1550,1350,800,1350,1350,37
Universidade Federal de Lavras – UFLA,Brazil,7475,1375,1300,1425,700,1225,1450,38
Washington University Saint Louis,USA,7450,1125,1275,1650,700,1300,1400,39
Bogor Agricultural University,Indonesia,7450,1350,975,1350,575,1425,1775,40
Rudn University,Russia,7425,1050,1425,1425,525,1500,1500,41
King Abdulaziz University,Saudi Arabia,7400,1100,1700,1575,800,1100,1125,42
Universidad Autonoma De Occidente,Colombia,7350,950,1375,1650,800,1000,1575,43
National Pingtung University of Science & Technology,Chinese Taipei,7350,1125,1350,1050,875,1375,1575,44
York University,Canada,7300,1200,1550,1275,750,1225,1300,45
Czech University of Life Sciences Prague,Czech Republic,7275,1025,1650,1650,675,875,1400,46
Universita degli Studi di Torino,Italy,7275,975,1500,1275,550,1400,1575,47
Shinshu University,Japan,7275,1050,1400,1800,400,1125,1500,48
UNSW Sydney,Australia,7275,950,1275,1575,800,1175,1500,49
University of Zanjan,Iran,7275,1200,1075,1575,875,1100,1450,50
Universidad Nacional de Colombia,Colombia,7275,1225,950,1425,525,1500,1650,51
McMaster University,Canada,7250,1075,1450,1350,700,1250,1425,52
Hokkaido University,Japan,7250,1125,1450,1425,800,1175,1275,53
National Chi Nan University,Chinese Taipei,7250,1400,900,1350,700,1325,1575,54
Universidad Autonoma De Madrid,Spain,7225,1300,1375,1425,575,850,1700,55
University of Ottawa,Canada,7225,900,1300,1275,800,1550,1400,56
Kyoto University,Japan,7225,1100,1275,1425,650,1525,1250,57
University of Tasmania,Australia,7225,1025,1150,1275,850,1400,1525,58
Chaoyang University of Technology,Chinese Taipei,7200,1050,1425,1575,675,1275,1200,59
Universidad del Rosario,Colombia,7200,1150,1250,1350,700,1550,1200,60
Universitat Bremen,Germany,7200,1075,1225,1350,1000,1275,1275,61
Tampere University Of Technology,Finland,7200,950,1100,1725,850,1300,1275,62
Da-Yeh University,Chinese Taipei,7175,1100,1200,1425,775,1275,1400,63
University Of California Merced,USA,7150,1300,1175,1575,675,1225,1200,64
University Of Eastern Finland,Finland,7125,775,1450,1800,500,1025,1575,65
Nanhua University Taiwan,Chinese Taipei,7125,1100,1150,1650,800,1375,1050,66
Istanbul Technical University,Turkey,7125,1200,1050,1500,600,1450,1325,67
Universidade do Minho,Portugal,7100,1025,1325,1500,700,1075,1475,68
University at Albany,USA,7100,875,1200,1500,700,1250,1575,69
Universiti Teknologi Malaysia,Malaysia,7100,1400,1150,1200,450,1400,1500,70
Universiti Malaysia Sabah,Malaysia,7100,1325,1050,1275,600,1325,1525,71
Inseec U,France,7075,225,1275,1800,850,1200,1725,72
Universidad de Bogota Jorge Tadeo Lozano,Colombia,7050,850,1625,1275,675,1500,1125,73
Aalborg University,Denmark,7050,775,1450,1725,700,1100,1300,74
Universidad de Oviedo,Spain,7050,1175,1400,1200,450,1375,1450,75
Universiti Utara Malaysia,Malaysia,7050,1250,1125,1050,625,1550,1450,76
University Of Szeged,Hungary,7050,1175,1025,1650,550,1450,1200,77
Diponegoro University,Indonesia,7025,1125,1275,1200,575,1250,1600,78
Fundación Universidad del Norte Barranquilla,Colombia,7000,1050,1150,1500,925,1100,1275,79
Trent University,Canada,7000,1350,975,1500,300,1300,1575,80
University of Lincoln,UK,6975,875,1525,1350,775,1250,1200,81
Institut Teknologi Sepuluh Nopember,Indonesia,6975,925,1200,1200,925,1125,1600,82
Universidad Autonoma De Nuevo Leon,Mexico,6950,1175,1325,1425,750,900,1375,83
Universidad Rey Juan Carlos,Spain,6950,975,1275,1650,475,1200,1375,84
Universitas Negeri Semarang,Indonesia,6925,1175,1300,975,725,1400,1350,85
Gordon College,USA,6925,1175,1125,1500,850,1175,1100,86
Universitat Politècnica de València,Spain,6900,700,1200,1650,525,1175,1650,87
Università Ca’ Foscari Venezia,Italy,6875,825,1300,1275,650,1500,1325,88
Mahidol University,Thailand,6850,1050,1175,1275,800,1225,1325,89
Kasetsart University,Thailand,6850,1025,1125,1200,800,1300,1400,90
Universitas Gadjah Mada,Indonesia,6850,825,1075,1425,725,1275,1525,91
Glasgow Caledonian University,UK,6825,225,1375,1725,700,1600,1200,92
University of A Coruña,Spain,6800,1050,1350,1500,600,925,1375,93
De La Salle University – Dasmarinas,Philippines,6750,825,1450,1350,775,925,1425,94
Chulalongkorn University,Thailand,6750,800,1350,1425,425,1350,1400,95
Asia University Taiwan,Chinese Taipei,6725,1275,1200,975,750,1175,1350,96
Universiti Malaysia Pahang,Malaysia,6700,1025,1225,1050,500,1325,1575,97
Universita degli Studi di Milano Bicocca,Italy,6700,675,1075,1575,500,1550,1325,98
Universidade Positivo,Brazil,6675,1000,1575,1425,775,775,1125,99
National Taipei University Of Technology,Chinese Taipei,6675,1125,1250,1350,650,975,1325,100
Universitas Sebelas Maret,Indonesia,6600,900,1225,1275,650,1200,1350,101
National Yunlin University of Science & Technology,Chinese Taipei,6600,1150,1000,1500,700,850,1400,102
Universidad de Navarra,Spain,6575,1125,1175,1425,500,1275,1075,103
Politecnico Di Torino,Italy,6550,625,1450,1350,500,1225,1400,104
Universitat De Girona,Spain,6550,800,1450,1350,600,1075,1275,105
Universitas Islam Indonesia,Indonesia,6550,1200,1350,1200,550,1050,1200,106
University Of Kashan,Iran,6550,1000,1300,1200,750,1175,1125,107
Yamaguchi University,Japan,6550,1100,1250,1425,750,1100,925,108
Indiana University Bloomington,USA,6550,1225,1125,1125,725,950,1400,109
Stavropol State Agrarian University,Russia,6525,750,1450,1200,650,1200,1275,110
Radboud University,Netherland,6475,925,1225,1275,675,1250,1125,111
Universitat de Valencia,Spain,6475,825,975,1425,500,950,1800,112
Wentworth Institute of Technology,USA,6425,800,1425,1425,600,1200,975,113
University of Massachusetts Amherst,USA,6425,1000,700,1425,725,1325,1250,114
Politecnico Di Milano,Italy,6375,425,975,1800,250,1325,1600,115
"California State University, Sacramento",USA,6350,850,1250,1125,700,925,1500,116
Universidade de Vigo,Spain,6350,975,1200,1275,575,1125,1200,117
National Cheng Kung University,Chinese Taipei,6350,1150,1200,900,700,1275,1125,118
Universitat Rovira i Virgili,Spain,6300,875,1175,1650,350,925,1325,119
Università degli Studi di Genova – Savona Campus & Hanbury Botanical Gardens,Italy,6275,975,1450,1350,375,1000,1125,120
"ITESO, Universidad Jesuita de Guadalajara",Mexico,6275,800,1225,1350,750,950,1200,121
Modul University,Austria,6250,700,1350,1575,500,1175,950,122
Universidad Miguel Hernandez,Spain,6225,775,1275,1200,775,950,1250,123
Teesside University,UK,6200,550,1400,1425,625,1075,1125,124
Yuan Ze University,Chinese Taipei,6200,875,1125,1350,450,1000,1400,125
Universitat De Barcelona,Spain,6200,750,950,1575,550,1025,1350,126
Hochschule Fur Nachhaltige Entwicklung Eberswalde,Germany,6175,825,1525,975,475,1000,1375,127
Riga Technical University,Latvia,6175,900,1425,1200,425,1075,1150,128
Al-Balqa Applied University,Jordan,6175,1075,1100,900,500,1275,1325,129
Maynooth University,Ireland,6175,1025,1075,1350,500,1100,1125,130
I-Shou University,Chinese Taipei,6150,675,1375,1500,575,1025,1000,131
Universitas Padjadjaran,Indonesia,6150,950,1100,1275,450,1025,1350,132
Technische Universitat Wien,Austria,6125,500,1525,975,700,1200,1225,133
Dhurakij Pundit University,Thailand,6125,975,1200,1125,500,1000,1325,134
Kansai University,Japan,6125,1175,775,1425,425,1375,950,135
American University in Cairo,Egypt,6100,950,1125,1050,750,1025,1200,136
Kafrelsheikh University,Egypt,6100,900,850,1050,750,1150,1400,137
King Mongkuts University of Technology North Bangkok,Thailand,6075,800,1200,1275,700,1125,975,138
University Of San Francisco,USA,6075,750,1175,1275,575,1050,1250,139
University Of Pecs,Hungary,6075,975,1100,1350,550,1075,1025,140
Naresuan University,Thailand,6075,1125,775,1200,750,1000,1225,141
Stockholm School Of Economics,Sweden,6050,650,1250,1575,525,1075,975,142
Universidad de los Andes Colombia,Colombia,6050,950,1025,1050,550,1450,1025,143
Universidad De Santander,Colombia,6025,1075,1025,1275,525,1125,1000,144
University Of California Riverside,USA,6025,900,850,1500,775,1225,775,145
Universiti Tunku Abdul Rahman,Malaysia,6025,1275,850,750,550,1150,1450,146
Universita degli Studi dell’Aquila,Italy,6000,1175,1325,1500,450,575,975,147
Universiti Teknikal Malaysia Melaka,Malaysia,5975,1225,1400,900,175,1075,1200,148
Universidad Nacional Autonoma de Mexico,Mexico,5975,975,1225,1200,700,1050,825,149
Telkom University,Indonesia,5975,775,1175,1275,500,1200,1050,150
Middle East Technical University,Turkey,5975,950,800,1350,425,1350,1100,151
Ben-Gurion University of the Negev,Israel,5950,800,1075,1200,550,1125,1200,152
Centro Universitario do Rio Grande do Norte UNI-RN,Brazil,5925,1125,1150,975,700,825,1150,153
Universitat Jaume I,Spain,5925,1150,1000,1125,575,1125,950,154
Tzu Chi University,Chinese Taipei,5900,1050,1125,1200,650,825,1050,155
Tel Aviv University,Israel,5875,550,1450,1050,350,1050,1425,156
University Of Ontario Institute Of Technology,Canada,5875,875,1300,1200,850,625,1025,157
Daffodil International University,Bangladesh,5875,1025,1125,1050,675,1025,975,158
Webster University,USA,5875,1100,925,1350,750,1100,650,159
"Adam Mickiewicz University, Pozna?",Poland,5875,1275,800,1275,425,675,1425,160
University of Maryland Eastern Shore,USA,5850,1100,1125,1275,575,900,875,161
Siam University,Thailand,5850,825,975,1275,650,1000,1125,162
Orel State University named after I.S.Turgenev,Russia,5850,975,975,975,650,1150,1125,163
University of Lucerne,Switzerland,5825,650,1175,1425,575,1200,800,164
Rochester Institute Of Technology,USA,5825,950,1075,1050,675,875,1200,165
University of North Carolina at Greensboro,USA,5800,1050,1075,1275,525,975,900,166
Universiy Of Kufa,Iraq,5800,850,1000,1050,725,1200,975,167
Indian Institute of Information Technology and Management Gwalior,India,5800,900,950,1200,425,1150,1175,168
King Mongkut ‘s University of Technology Thonburi,Thailand,5775,900,1075,900,575,1000,1325,169
University Of Alabama Birmingham,USA,5775,950,1025,900,650,1050,1200,170
Metropolia University of Applied Sciences,Finland,5750,450,1375,1425,650,850,1000,171
Al-Farabi Kazakh National University,Kazakhstan,5750,1050,1375,750,375,1025,1175,172
University of Babylon,Iraq,5750,1075,1025,750,600,1100,1200,173
University of Maribor,Slovenia,5750,700,975,1125,500,975,1475,174
Tomsk Polytechnic University,Russia,5725,1400,1250,750,250,950,1125,175
Universite Joseph Fourier Grenoble 1,France,5700,500,1250,825,675,1000,1450,176
Universidad De Antioquia,Colombia,5700,850,1100,750,425,1225,1350,177
Universidad de Caldas,Colombia,5700,650,700,1650,800,1000,900,178
University of Petra,Jordan,5675,750,1300,675,900,1100,950,179
Holy Spirit University of Kaslik (USEK),Lebanon,5675,725,1025,1050,450,1075,1350,180
Mahasarakham University,Thailand,5675,925,1000,750,450,1350,1200,181
Ton Duc Thang University,Vietnam,5675,1025,800,1050,650,1025,1125,182
Voronezh State University,Russia,5675,925,775,1275,350,1075,1275,183
Universitas Muhammadiyah Yogyakarta,Indonesia,5650,875,1125,975,500,1050,1125,184
Princess Nourah Bint Abdulrahman University,Saudi Arabia,5650,675,1125,1125,1000,900,825,185
Chang Jung Christian University,Chinese Taipei,5625,900,1100,1425,350,1000,850,186
Manipal Academy of Higher Education,India,5625,1000,1050,900,700,900,1075,187
Stevens Institute Of Technology,USA,5625,900,925,1350,650,850,950,188
Loyola Marymount University,USA,5600,650,1200,1125,725,925,975,189
University of Ioannina,Greece,5600,1275,1200,1200,300,700,925,190
Mangalore University,India,5600,1025,1200,675,600,1050,1050,191
Liverpool John Moores University,UK,5600,625,1000,1200,600,1000,1175,192
Zonguldak Bulent Ecevit University,Turkey,5600,1075,975,825,600,1350,775,193
Slippery Rock University,USA,5600,650,925,1050,725,975,1275,194
University of Louisiana at Lafayette,USA,5600,1075,925,975,600,925,1100,195
University of TRIESTE,Italy,5600,775,825,1725,475,825,975,196
Ukrainian National Forestry University,Ukraine,5600,1175,675,975,400,900,1475,197
Universiti Kebangsaan Malaysia,Malaysia,5600,1100,600,1050,525,1125,1200,198
Universidad de Valladolid,Spain,5575,800,1550,825,425,1075,900,199
Brawijaya University,Indonesia,5575,600,1450,825,450,725,1525,200
Universidad de Jaén,Spain,5575,650,1125,825,550,1075,1350,201
Costa Rica Institute Of Technology,Costa Rica,5575,1000,1075,1200,500,1125,675,202
Fo Guang University,Chinese Taipei,5575,1025,925,1200,550,1000,875,203
Universita degli Studi di Bari Aldo Moro,Italy,5575,925,875,1125,500,1125,1025,204
Universidad Autonoma de Chiapas,Mexico,5575,1325,800,1050,450,875,1075,205
Mae Fah Luang University,Thailand,5550,925,1125,900,700,1050,850,206
Purchase College Suny,USA,5550,1200,1000,1200,525,775,850,207
Universita` degli Studi di Perugia,Italy,5550,850,850,1200,650,850,1150,208
University of Illinois Springfield,USA,5550,1150,850,1350,600,1000,600,209
East Stroudsburg University,USA,5550,1275,825,1425,575,750,700,210
Universidad Tecnologica de Pereira,Colombia,5550,975,800,825,600,1150,1200,211
Universidad de la Punta,Argentina,5525,1225,1200,1125,450,875,650,212
Notre Dame University – Louaize,Lebanon,5525,775,1150,1275,425,625,1275,213
Università degli Studi di Salerno,Italy,5525,775,1000,1500,200,1050,1000,214
Maejo University,Thailand,5525,1000,950,975,725,825,1050,215
Sumy State University,Ukraine,5525,1000,750,1125,550,925,1175,216
Universite De Rennes 1,France,5525,800,675,1200,100,1050,1700,217
Lincoln University Canterbury,New Zeland,5525,950,600,1125,575,925,1350,218
Universidade Federal de Vicosa – UFV,Brazil,5500,675,1125,900,625,600,1575,219
University of Isfahan,Iran,5500,925,1100,975,600,1075,825,220
University Of Central Florida,USA,5500,900,850,675,900,825,1350,221
National Chung Hsing University,Chinese Taipei,5500,925,775,1575,250,775,1200,222
Universidad de Las Palmas de Gran Canaria,Spain,5475,450,1125,1200,700,725,1275,223
University Of Texas Rio Grande Valley,USA,5475,500,1100,750,825,875,1425,224
Universiti Sains Malaysia,Malaysia,5475,750,875,900,500,1100,1350,225
Southern Methodist University,USA,5475,1050,850,900,750,875,1050,226
Appalachian State University,USA,5475,900,750,1125,475,800,1425,227
Universita degli Studi di Brescia,Italy,5450,650,1075,1200,200,1275,1050,228
Libera Universita Internazionale Degli Studi Sociali Guido Carli Luiss,Italy,5450,800,1075,1200,250,1050,1075,229
Universidad CES,Colombia,5450,825,1000,900,600,1050,1075,230
Universidad Autonoma Del Estado De Mexico,Mexico,5450,1050,675,1350,525,1000,850,231
Universitat de Vic – Universitat Central de Catalunya,Spain,5425,575,1375,1275,550,900,750,232
Universidad El Bosque,Colombia,5425,725,1275,975,675,1025,750,233
Illinois State University,USA,5425,1025,1225,975,475,875,850,234
Pontificia Universidad Javeriana-Bogota,Colombia,5425,800,1025,900,550,1275,875,235
Shinawatra University,Thailand,5425,1250,875,1050,500,1075,675,236
Technische Universität Kaiserslautern (TUK),Germany,5425,775,775,1725,100,1150,900,237
Universidad del Valle,Colombia,5425,1200,725,1125,375,925,1075,238
Universidad De Castilla La Mancha,Spain,5400,800,1100,1050,375,900,1175,239
Perm National Research Polytechnic University,Russia,5400,950,1100,1050,350,1000,950,240
University of Agriculture Faisalabad,Pakistan,5400,1050,1025,525,600,1000,1200,241
Universitas Multimedia Nusantara,Indonesia,5375,900,1225,900,725,900,725,242
Erciyes University,Turkey,5375,1250,1075,600,250,950,1250,243
Tunghai University,Chinese Taipei,5350,975,875,975,550,1275,700,244
Providence University,Chinese Taipei,5350,1050,725,975,600,950,1050,245
Northwest Missouri State University,USA,5325,925,1250,1125,600,550,875,246
Universidad EAFIT,Colombia,5325,775,875,1200,650,875,950,247
Ankara University,Turkey,5325,1300,700,675,525,875,1250,248
Yeditepe University,Turkey,5300,875,1300,1200,250,925,750,249
Universidad Nacional Abierta y a Distancia Colombia,Colombia,5300,800,1225,900,425,750,1200,250
University of North Carolina Wilmington,USA,5300,850,1025,900,750,1150,625,251
Universitas Sumatera Utara,Indonesia,5300,950,850,675,500,1050,1275,252
Escuela Superior Politécnica De Chimborazo,Ecuador,5300,800,550,1125,250,1375,1200,253
Valahia University of Targoviste,Romania,5275,1225,1150,600,500,750,1050,254
Universidad Popular De La Chontalpa,Mexico,5275,1050,1100,1050,375,825,875,255
Tra Vinh University,Vietnam,5275,950,875,900,625,1075,850,256
Ming Chi University of Technology,Chinese Taipei,5275,1075,700,1350,350,725,1075,257
University of Jordan,Jordan,5250,825,1100,750,450,950,1175,258
Thammasat University,Thailand,5250,875,1075,975,475,1050,800,259
Bowie State University,USA,5250,1175,975,1050,600,725,725,260
Kalasalingam University,India,5250,1125,875,975,475,900,900,261
University of Guilan,Iran,5225,1125,800,900,675,825,900,262
Oranim College Of Education,Israel,5225,1200,700,1200,550,700,875,263
Eötvös Loránd University Budapest,Hungary,5225,925,675,1350,350,775,1150,264
Al-Zaytoonah University of Jordan (zuj),Jordan,5200,1025,1150,825,475,900,825,265
University Of Cyprus,Republic of Cyprus,5200,850,850,1125,550,1000,825,266
Chiba University,Japan,5200,825,750,1125,250,825,1425,267
Universidade De Santiago De Compostela,Spain,5175,450,1300,900,300,825,1400,268
Universidad Icesi,Colombia,5175,1000,875,750,300,1100,1150,269
Ozyegin University,Turkey,5175,825,875,825,600,1075,975,270
Perm State University,Russia,5150,1000,1025,1050,250,1100,725,271
Suranaree University Of Technology,Thailand,5150,1000,975,600,500,875,1200,272
Universita Politecnica delle Marche,Italy,5125,575,1300,1050,800,575,825,273
Universidad Autónoma Del Estado De Hidalgo,Mexico,5125,875,1150,1050,375,550,1125,274
Universidad Santiago de Cali,Colombia,5125,775,1150,1050,650,750,750,275
Universita degli Studi di Ferrara,Italy,5125,350,1025,1275,400,775,1300,276
Gda?sk University Of Technology,Poland,5125,1100,850,1200,100,950,925,277
Universidad Del Cauca,Colombia,5125,925,750,825,500,1025,1100,278
University of North Texas,USA,5125,1025,575,1050,325,875,1275,279
Universidad Pontificia Bolivariana,Colombia,5100,925,1175,675,400,650,1275,280
Russian State Pedagogical University AI Herzen,Russia,5100,1300,825,1200,250,800,725,281
"Instituto Federal de Educação, Ciência e Tecnologia do Sul de Minas Gerais",Brazil,5075,950,975,825,425,925,975,282
Universitas Riau,Indonesia,5075,725,900,975,475,1025,975,283
University of Phayao,Thailand,5075,950,875,750,325,700,1475,284
Central Connecticut State University,USA,5075,1075,850,1200,525,750,675,285
North Eastern University,Thailand,5075,800,750,825,375,1225,1100,286
Ege University,Turkey,5075,1075,650,900,300,1200,950,287
Far Eastern Federal University,Russia,5050,450,1375,675,500,850,1200,288
Minin University,Russia,5050,200,1050,1500,250,1200,850,289
Universidad Pontificia Comillas,Spain,5050,600,1025,1125,525,575,1200,290
CUNY Brooklyn College,USA,5050,925,1025,975,525,900,700,291
Aix Marseille University,France,5050,575,1000,1050,350,675,1400,292
Greifswald University,Germany,5050,650,950,1200,500,725,1025,293
Mehran University Of Engineering & Technology,Pakistan,5050,1025,900,450,300,975,1400,294
Uman National University Of Horticulture,Ukraine,5025,1175,825,600,475,875,1075,295
Pontificia Universidade Catolica Do Rio De Janeiro Puc-rio,Brazil,5025,1000,675,1200,350,975,825,296
University Of Malta,Malta,5000,700,1150,1275,250,650,975,297
Universidad de Zaragoza,Spain,5000,650,1150,975,325,850,1050,298
British Columbia Institute of Technology,Canada,5000,575,1125,1275,525,950,550,299
University of Kelaniya,Sri Lanka,5000,750,1100,975,650,575,950,300
Universidad de Granada,Spain,5000,725,875,1125,375,850,1050,301
Pir Mehr Ali Shah Arid Agriculture University Rawalpindi,Pakistan,5000,950,750,750,425,1150,975,302
Institute of Technology Bandung,Indonesia,4975,700,875,1050,500,1025,825,303
De La Salle University Manila,Philippines,4950,625,1075,1050,425,825,950,304
Birzeit University,Palestine,4950,925,1025,825,450,800,925,305
Ferdowsi University Of Mashhad,Iran,4950,1150,875,750,325,950,900,306
West Texas A&m University,USA,4950,750,825,1275,800,675,625,307
Universita Degli Studi Roma Tre,Italy,4925,750,1300,825,250,725,1075,308
Shepherd University,USA,4925,1100,1200,825,425,750,625,309
Universidade Federal Do Triângulo Mineiro UFTM,Brazil,4925,925,1025,1050,500,725,700,310
Pontificia Universidade Catolica Do Rio Grande Do Sul Pucrs,Brazil,4925,1025,900,825,425,700,1050,311
An-najah National University,Palestine,4925,825,875,750,500,875,1100,312
Universita degli Studi di Padova,Italy,4925,775,825,1275,350,825,875,313
Universidad Católica De Oriente,Colombia,4925,1250,800,750,250,450,1425,314
Universita della Calabria,Italy,4925,1050,500,1425,0,925,1025,315
Pascual Bravo University,Colombia,4900,1100,1175,1200,250,625,550,316
Universidad Nacional de San Martin Argentina,Argentina,4900,1000,1100,450,150,1075,1125,317
Atyrau State University,Kazakhstan,4900,1100,1100,450,250,950,1050,318
National Institute Of Technology Rourkela,India,4900,850,1075,975,650,800,550,319
Sabanci University,Turkey,4900,1075,1075,900,600,800,450,320
University of Lodz,Poland,4900,400,875,825,475,850,1475,321
University of Bahrain,Bahrain,4900,950,775,900,400,800,1075,322
Airlangga University,Indonesia,4900,750,725,975,300,1100,1050,323
Universite De Versailles Saint Quentin En Yvelines,France,4875,350,1200,825,375,750,1375,324
Shanghai Jian Qiao University,China,4875,475,1175,1125,400,1125,575,325
Technische Universitat Bergakademie Freiberg,Germany,4875,1075,925,1050,400,600,825,326
Universidad EIA,Colombia,4850,575,950,1050,700,750,825,327
Universidad Santo Tomas,Colombia,4850,625,875,975,375,975,1025,328
Universita IUAV di Venezia,Italy,4850,725,775,1050,575,600,1125,329
Shahrood University Of Technology,Iran,4850,1050,700,750,500,1150,700,330
Escuela Superior Politecnica del Litoral,Ecuador,4850,1000,650,1125,500,825,750,331
Institucion Universitaria Politecnico Grancolombiano,Colombia,4825,1000,900,975,350,700,900,332
Rajamangala University Of Technology Thanyaburi,Thailand,4825,875,875,825,400,950,900,333
Universidad San Francisco de Quito,Ecuador,4825,600,750,1125,400,1200,750,334
Jabatan Pendidikan Politeknik Malaysia,Malaysia,4825,950,425,1350,600,450,1050,335
Okayama University,Japan,4800,1325,1025,825,200,750,675,336
Universitas Islam Negeri Raden Intan Lampung,Indonesia,4800,1050,1000,450,425,1050,825,337
Universiti Malaysia Perlis,Malaysia,4800,1000,875,300,325,950,1350,338
Ondokuz Mayis University,Turkey,4800,975,825,900,400,1025,675,339
Babes Bolyai University,Romania,4800,800,775,750,50,1300,1125,340
Universidad de Puerto Rico Mayaguez,USA,4800,1050,750,900,400,950,750,341
Petrozavodsk State University,Russia,4775,775,1275,450,300,800,1175,342
Institute For Financial Management And Research Chennai,India,4775,925,1175,1050,550,475,600,343
New Granada Military University,Colombia,4775,625,1100,900,450,825,875,344
University of Hildesheim,Germany,4775,725,1075,1200,450,650,675,345
Chiang Mai University,Thailand,4775,725,850,975,400,925,900,346
University Of Balochistan,Pakistan,4775,875,825,900,475,725,975,347
Bartin University,Turkey,4775,1000,800,825,250,1025,875,348
Universidade Federal do Rio Grande do Sul – UFRGS,Brazil,4775,950,625,900,300,950,1050,349
University of Hradec Kralove,Czech Republic,4750,650,1175,975,100,1175,675,350
Universidade Federal Do Rio De Janeiro,Brazil,4750,1000,975,450,500,975,850,351
Universidad Autonoma De Yucatan,Mexico,4750,850,950,525,500,725,1200,352
Jordan University of Science & Technology,Jordan,4750,950,850,675,525,850,900,353
University of Debrecen,Hungary,4750,650,750,975,250,1050,1075,354
Universita degli Studi di Roma La Sapienza,Italy,4725,850,1125,675,250,1050,775,355
Kazakh National Agrarian University,Kazakhstan,4725,625,1100,450,250,1100,1200,356
Southern Utah University,USA,4725,525,800,1125,800,950,525,357
Universidad De Ciencias Aplicadas Y Ambientales Udca,Colombia,4725,625,700,1050,500,750,1100,358
University of Tennessee Martin,USA,4725,1200,650,750,300,800,1025,359
Instituto Politecnico De Viana Do Castelo,Portugal,4700,875,1225,300,100,1100,1100,360
"Muahmmad Nawaz Shareef University of Agriculture, Multan",Pakistan,4700,775,775,825,300,900,1125,361
University Of Alabama Huntsville,USA,4700,875,750,825,600,625,1025,362
Blekinge Institute of Technology,Sweden,4675,850,1125,900,400,800,600,363
Pontificia Universidad Católica Del Perú,Peru,4675,725,1050,975,650,625,650,364
National Institute Of Technology Hamirpur,India,4675,1050,900,450,750,775,750,365
Derzhavin Tambov State University,Russia,4675,675,850,750,375,925,1100,366
"Islamic Azad University, Science And Research Branch (srbiau)",Iran,4675,1250,800,900,200,725,800,367
Universidad de Salamanca,Spain,4650,300,1325,750,475,950,850,368
Kobe University,Japan,4650,400,1075,975,600,750,850,369
Universiti Malaysia Terengganu,Malaysia,4650,1200,375,600,450,1075,950,370
Universidade do Vale do Itajai UNIVALI,Brazil,4625,600,925,1050,400,600,1050,371
Siberian Federal University,Russia,4625,800,875,750,300,1000,900,372
Unitec New Zealand,New Zeland,4625,975,850,750,425,675,950,373
Don State Technical University,Russia,4600,900,950,750,300,1175,525,374
Cyprus International University,Turkey,4600,625,900,900,425,925,825,375
Kakatiya University,India,4600,875,750,600,525,875,975,376
Universidade Federal de Santa Catarina,Brazil,4600,825,725,1050,250,900,850,377
Walailak University,Thailand,4600,800,675,900,400,875,950,378
Universidad de Cordoba Colombia,Colombia,4600,1325,625,600,200,750,1100,379
University of Tehran,Iran,4600,625,575,1200,375,925,900,380
Ean University,Colombia,4575,225,1175,975,450,725,1025,381
University Of Arkansas Little Rock,USA,4575,800,875,900,400,925,675,382
University of Kragujevac,Serbia,4575,800,800,600,425,900,1050,383
Altai State University,Russia,4575,925,550,825,500,925,850,384
University Of Wisconsin Parkside,USA,4575,1125,375,900,525,975,675,385
Russian State Agrarian University – Moscow Timiryazev Agricultural Academy,Russia,4575,1325,275,150,350,1200,1275,386
Politecnico Di Bari,Italy,4550,650,1275,750,250,525,1100,387
Universidad Austral De Chile,Chile,4550,925,1000,750,125,850,900,388
National Taipei University Of Education,Chinese Taipei,4550,575,975,1275,450,550,725,389
Ariel University,Israel,4550,425,950,1050,550,900,675,390
Universidad De Alicante,Spain,4550,250,800,1275,525,775,925,391
S R M University (institute Of Science And Technology),India,4550,525,800,900,500,925,900,392
Yildiz Technical University,Turkey,4550,950,675,750,300,900,975,393
Kansas State University,USA,4550,750,650,825,500,1125,700,394
National Chiao Tung University,Chinese Taipei,4550,575,350,1200,600,700,1125,395
Madonna University,USA,4525,1175,1025,975,300,600,450,396
Srinakharinwirot University (ongkharak Campus),Thailand,4525,1075,750,525,250,1175,750,397
University Of Sharjah,United Arab Emirates,4500,700,625,900,300,1000,975,398
Sukkur IBA University,Pakistan,4475,725,1150,600,175,850,975,399
The University of Lahore,Pakistan,4475,550,1150,825,350,925,675,400
Al-Aqsa University,Palestine,4475,800,1075,675,475,725,725,401
Saurashtra University,India,4475,900,900,825,300,800,750,402
Universitas Negeri Medan,Indonesia,4475,900,900,825,325,750,775,403
Winthrop University,USA,4475,1175,675,600,700,700,625,404
University of Macedonia,Greece,4450,300,1200,1200,200,875,675,405
"National Institute Of Technology Karnataka, Surathkal",India,4450,800,1100,750,650,700,450,406
Universidade De Aveiro,Portugal,4450,500,1025,1050,300,650,925,407
Technische Universitat Dresden,Germany,4450,725,950,900,350,800,725,408
Al-Ahliyya Amman University,Jordan,4450,1075,875,600,550,800,550,409
Universidade Federal de Itajuba,Brazil,4450,950,775,750,450,900,625,410
Soochow University Taiwan,Chinese Taipei,4450,875,750,975,350,775,725,411
Bu Ali Sina University Hamedan,Iran,4450,900,725,675,350,1000,800,412
University Of Peradeniya,Sri Lanka,4450,875,650,675,500,1050,700,413
Volgograd State University,Russia,4425,425,1125,1050,200,675,950,414
Tobb Economics And Technology University,Turkey,4425,650,1125,750,650,550,700,415
University Of Tokushima,Japan,4425,925,850,600,400,725,925,416
Universidad Autonoma Metropolitana,Mexico,4425,825,825,825,500,600,850,417
Canadian Memorial Chiropractic College,Canada,4425,575,800,1200,550,1000,300,418
"Laucala Campus, University of the South Pacific",Fiji,4425,1100,800,975,200,550,800,419
HungKuang University,Chinese Taipei,4425,700,750,750,450,875,900,420
Stockholm University,Sweden,4425,675,750,1125,600,525,750,421
Skyline College,USA,4425,825,750,975,525,725,625,422
National Dong Hwa University,Chinese Taipei,4425,950,575,900,600,800,600,423
Pontifícia Universidade Católica Do Paraná,Brazil,4425,1250,475,825,475,800,600,424
Universitas Lampung,Indonesia,4400,625,875,900,325,700,975,425
Shiraz University,Iran,4400,850,850,600,450,750,900,426
Hasselt University,Belgium,4400,475,800,975,425,800,925,427
Thaksin University,Thailand,4400,700,750,675,850,575,850,428
Bogazici University,Turkey,4400,925,675,675,350,800,975,429
Süleyman Demirel Üniversitesi,Turkey,4375,500,1200,525,300,775,1075,430
Xavier University Ateneo De Cagayan,Philippines,4375,875,975,825,400,550,750,431
Universitas Teuku Umar,Indonesia,4375,1075,875,825,250,500,850,432
MacEwan College,Canada,4375,750,750,975,350,600,950,433
Saratov State University,Russia,4375,950,600,825,175,825,1000,434
Universidad Central De Venezuela,Venezuela,4375,950,575,675,450,675,1050,435
Università Degli Studi di Modena e Reggio Emilia,Italy,4375,725,475,1275,50,775,1075,436
Inonu University Malatya,Turkey,4350,1100,1225,450,75,1050,450,437
Technical University Of Crete,Greece,4350,775,1150,600,250,675,900,438
Texas Southern University,USA,4350,625,850,900,550,700,725,439
Ternopil National Economy University,Ukraine,4350,800,825,450,125,1150,1000,440
Rider University,USA,4350,750,775,750,400,775,900,441
City College of San Francisco,USA,4350,825,650,900,475,600,900,442
University Politechnica Of Bucharest,Romania,4325,975,1050,675,125,750,750,443
University of Crete,Greece,4325,925,950,750,0,850,850,444
Universidad Centroamericana Jose Simeon Canas,El Salvador,4325,825,950,600,350,575,1025,445
Alzahra University,Iran,4325,875,925,600,200,925,800,446
Universitas Syiah Kuala,Indonesia,4325,750,900,675,300,700,1000,447
Penza State University,Russia,4325,850,775,450,300,900,1050,448
Mutah University,Jordan,4325,850,625,750,500,725,875,449
Universitas Pelita Harapan,Indonesia,4325,700,500,1200,400,650,875,450
Hitit University,Turkey,4300,1075,1200,600,125,850,450,451
Bow Valley College,Canada,4300,325,1025,1200,375,775,600,452
Azerbaijan University of Architecture and Construction,Azerbaijan,4300,925,1025,600,350,750,650,453
National University Of Sciences And Technology,Pakistan,4300,750,775,750,300,925,800,454
Universidad De Medellin,Colombia,4300,850,750,750,475,725,750,455
CCS Haryana Agricultural University,India,4300,900,625,675,500,525,1075,456
Federal University of Alfenas,Brazil,4300,1200,550,825,275,500,950,457
Murray State University,USA,4300,1125,425,900,400,1000,450,458
Budapest Business School,Hungary,4275,600,1250,825,400,600,600,459
Nanzan University,Japan,4275,375,1200,1050,350,825,475,460
Bangkok University,Thailand,4275,500,1150,675,425,550,975,461
Jacksonville University,USA,4275,1175,775,900,250,600,575,462
Gandhi Institute of Technology and Management,India,4275,825,600,600,575,725,950,463
Tilburg University,Netherland,4275,1000,500,1050,300,575,850,464
Moscow State Institute Of International Relations,Russia,4250,375,1100,900,325,650,900,465
University of Pardubice,Czech Republic,4250,525,1025,900,425,550,825,466
Andalas University,Indonesia,4250,650,925,750,250,475,1200,467
Russian State University Of Tourism And Service (moscow University Of Service),Russia,4250,1150,700,675,350,1075,300,468
Universidad Industrial de Santander,Colombia,4250,650,550,825,350,1100,775,469
Islamic University,Iraq,4225,625,1025,675,450,800,650,470
Senac Serviço Nacional De Aprendizagem Comercial Departamento Nacional,Brazil,4225,525,925,1125,575,425,650,471
Universitas Medan Area,Indonesia,4225,750,900,600,275,650,1050,472
Amirkabir University of Technology,Iran,4225,450,875,900,375,850,775,473
Ubon Ratchathani Rajabhat University,Thailand,4200,600,1175,675,250,450,1050,474
Ataturk University,Turkey,4200,1075,900,975,0,950,300,475
Kainan University,Chinese Taipei,4200,625,650,1050,450,525,900,476
Universidade Estadual De Londrina,Brazil,4175,975,875,900,325,275,825,477
Azerbaijan State University of Economics (UNEC),Azerbaijan,4175,625,675,900,350,800,825,478
Universiti Tun Hussein Onn Malaysia,Malaysia,4175,375,600,975,475,975,775,479
Almaty University Of Power Engineering And Telecommunication,Kazakhstan,4175,925,550,525,325,850,1000,480
Tver State University,Russia,4150,975,750,600,350,550,925,481
Karaganda State Technical University,Kazakhstan,4150,1000,750,300,350,650,1100,482
Yogyakarta State University,Indonesia,4150,675,700,750,325,1025,675,483
Poltava National Technical Yuri Kondratyuk University,Ukraine,4150,800,600,525,500,725,1000,484
University of Jeddah,Saudi Arabia,4125,825,925,600,475,700,600,485
Universitas Surabaya,Indonesia,4125,625,750,675,400,925,750,486
University of Baghdad,Iraq,4125,700,700,525,375,925,900,487
Hasanuddin University,Indonesia,4125,1050,700,525,425,525,900,488
Universidad La Gran Colombia,Colombia,4125,825,675,825,175,725,900,489
Nakhon Ratchasima Rajabhat University,Thailand,4100,500,1050,600,175,500,1275,490
The University Of The West Indies,Trinidad and Tobago,4100,550,1025,525,400,625,975,491
Chienkuo Technology University,Chinese Taipei,4100,750,925,1200,125,550,550,492
Universitas Bengkulu,Indonesia,4100,825,900,375,325,550,1125,493
University of Nova Gorica,Slovenia,4100,750,750,825,250,600,925,494
V. N. Karazin Kharkiv National University,Ukraine,4100,900,700,1125,100,650,625,495
Universidade Federal Fluminense,Brazil,4100,875,625,750,400,825,625,496
University Of The Virgin Islands,USA,4100,1375,550,675,300,725,475,497
University of Miskolc,Hungary,4075,500,1150,450,100,575,1300,498
Akhmet Yassawi University,Kazakhstan,4075,600,1150,450,250,800,825,499
Universitas Mataram,Indonesia,4075,700,1100,900,200,500,675,500
Universidad Tecnica Federico Santa Maria,Chile,4075,750,1050,450,350,550,925,501
Dibrugarh University,India,4075,1125,800,675,100,625,750,502
Taiwan Hospitality & Tourism College,Chinese Taipei,4050,650,950,675,350,725,700,503
Universidad de Pamplona,Colombia,4050,750,700,600,400,750,850,504
International Islamic University Malaysia,Malaysia,4050,700,650,750,300,900,750,505
Iqra University,Pakistan,4025,975,900,300,500,625,725,506
Westminster College Fulton,USA,4025,700,750,600,450,725,800,507
Universidad del Magdalena,Colombia,4025,700,750,600,450,775,750,508
Pontificia Universidad Catolica De Chile,Chile,4025,575,600,675,125,1050,1000,509
Kyrgyz Turkish Manas University,Kyrgyzstan,4025,875,150,675,200,800,1325,510
Universidad de La Laguna,Spain,4000,200,1000,600,300,700,1200,511
Taipei Medical University,Chinese Taipei,4000,325,725,900,450,925,675,512
Universita Degli Studi Di Udine,Italy,4000,875,525,1500,0,450,650,513
Tecnologico de Monterrey,Mexico,3975,375,1025,450,325,725,1075,514
South Valley University,Mexico,3975,425,950,600,350,750,900,515
University of Agricultural Sciences and Veterinary Medicine Cluj Napoca,Romania,3975,575,900,525,275,950,750,516
Valaya Alongkorn Rajabhat University Under the Royal Patronage,Thailand,3975,750,775,750,375,675,650,517
Universitas Sam Ratulangi,Indonesia,3975,675,750,525,450,825,750,518
Moscow State University of Civil Engineering,Russia,3975,1050,650,375,50,900,950,519
Pacific Union College,USA,3975,700,350,1125,675,350,775,520
Hashemite University,Jordan,3950,800,1050,600,425,525,550,521
Universidad Sergio Arboleda,Colombia,3950,200,875,975,450,800,650,522
European University Cyprus,Republic of Cyprus,3950,725,875,975,150,650,575,523
Saint Petersburg State University,Russia,3950,650,775,675,600,500,750,524
Corvinus University of Budapest,Hungary,3950,650,700,450,450,650,1050,525
Odessa National Polytechnic University,Ukraine,3950,1000,700,900,300,350,700,526
Universitas Pancasila,Indonesia,3925,900,775,450,250,875,675,527
Bennett College,USA,3925,750,500,675,525,675,800,528
Rajamangala University Of Technology Isan,Thailand,3925,950,375,600,425,950,625,529
University of Southern Brittany,France,3900,625,1075,450,275,475,1000,530
University Of Sri Jayewardenepura,Sri Lanka,3900,575,900,675,200,425,1125,531
Szent Istvan Egyetem,Hungary,3900,675,725,525,325,825,825,532
Sharif University Of Technology,Iran,3900,450,625,675,250,1175,725,533
Universidad Tecnologica de Panama,Panama,3900,975,600,450,250,500,1125,534
Indian Institute of Management Ahmedabad,India,3900,875,550,600,300,875,700,535
Gorno Altaisk State University,Russia,3900,650,500,750,275,900,825,536
Universitas Halu Oleo,Indonesia,3875,750,775,525,300,775,750,537
United Arab Emirates University,United Arab Emirates,3875,650,225,975,325,700,1000,538
Tomsk State University Of Architecture And Building,Russia,3825,725,775,525,250,725,825,539
Islamic University of Gaza,Palestine,3825,400,725,525,400,475,1300,540
Universitas Pembangunan Nasional Veteran Yogyakarta,Indonesia,3825,775,725,450,200,200,1475,541
Altai State Technical University,Russia,3825,650,700,450,300,725,1000,542
Irkutsk National Research Technical University,Russia,3825,975,575,525,150,625,975,543
Rambhai Barni Rajabhat University,Thailand,3800,725,950,525,250,375,975,544
Universitat de les Illes Balears,Spain,3800,575,850,600,500,500,775,545
Universitas Bangka Belitung,Indonesia,3800,900,850,450,250,700,650,546
Slovak University of Agriculture in Nitra,Slovakia,3800,800,525,600,175,600,1100,547
Khwaja Fareed University of Engineering and Information Technology,Pakistan,3775,500,1050,75,450,700,1000,548
Universitas Negeri Padang,Indonesia,3775,525,1025,300,250,700,975,549
NED University of Engineering & Technology,Pakistan,3775,800,900,375,150,750,800,550
National University Of Science And Technology Misis (moscow Institute Of Steel And Alloys),Russia,3775,550,825,300,300,1000,800,551
Baskent University,Turkey,3775,1075,825,375,100,625,775,552
Rezekne Academy Of Technologies,Latvia,3750,450,850,975,325,475,675,553
Indian Institute of Technology Madras,India,3750,525,775,825,325,650,650,554
Universidad Catolica Andres Bello,Venezuela,3750,1050,475,750,200,475,800,555
Bilkent University,Turkey,3750,800,150,825,250,800,925,556
Universitas Sanata Dharma,Indonesia,3725,275,950,750,375,675,700,557
University Of Diyala,Iraq,3725,625,800,450,400,650,800,558
Kohat University Of Science & Technology,Pakistan,3725,1350,800,150,300,550,575,559
University Of Dhaka,Bangladesh,3725,950,725,375,450,750,475,560
Pontifícia Universidade Católica De Campinas,Brazil,3725,975,350,525,425,625,825,561
Universitas Nasional,Indonesia,3700,725,825,600,50,300,1200,562
Bashkir State University,Russia,3700,675,575,675,0,825,950,563
University of Malakand,Pakistan,3675,1000,525,375,200,925,650,564
Universitas Terbuka,Indonesia,3650,475,975,525,325,500,850,565
"University of Central Punjab, Lahore",Pakistan,3650,825,750,675,200,525,675,566
North Carolina Central University,USA,3650,350,650,975,400,700,575,567
Feng Chia University,Chinese Taipei,3650,450,625,675,250,725,925,568
American University of Beirut,Lebanon,3650,575,625,675,375,575,825,569
Kostanay State Pedagogical University,Kazakhstan,3650,625,350,600,400,900,775,570
Universitas Maritim Raja Ali Haji,Indonesia,3625,675,1325,525,300,250,550,571
Tadeusz Kosciuszko Cracow University Of Technology,Poland,3625,525,800,675,100,700,825,572
Düzce University,Turkey,3625,625,525,450,475,575,975,573
Universidad Autonoma De Tamaulipas,Mexico,3625,575,425,450,300,600,1275,574
Cyprus University of Technology,Republic of Cyprus,3575,450,900,600,225,400,1000,575
Universitas Jember,Indonesia,3575,425,875,450,175,650,1000,576
University Of Tabriz,Iran,3575,1025,875,375,250,600,450,577
Minia University,Egypt,3550,325,1025,225,250,575,1150,578
Agricultural University of Cracow,Poland,3550,575,800,375,475,425,900,579
Anadolu University,Turkey,3550,850,700,600,300,700,400,580
Daugavpils University,Latvia,3525,450,750,450,200,550,1125,581
Christian Medical College Vellore,India,3475,525,900,825,300,475,450,582
King Mongkuts Institute of Technology Ladkrabang,Thailand,3475,800,750,450,250,650,575,583
Sivas Cumhuriyet University,Turkey,3475,1125,600,675,0,750,325,584
Universidad Autonoma Del Caribe,Colombia,3450,650,650,525,100,450,1075,585
Universita degli Studi di Firenze,Italy,3450,575,200,1050,0,800,825,586
Politeknik Negeri Jakarta,Indonesia,3425,650,1175,75,675,525,325,587
Universitas Negeri Manado,Indonesia,3425,525,950,0,300,450,1200,588
Universidade Federal de Sao Paulo UNIFESP,Brazil,3425,425,725,825,500,400,550,589
Voronezh State Technical University,Russia,3425,200,625,525,350,600,1125,590
University Of Trnava,Slovenia,3400,475,1125,750,0,425,625,591
Silpakorn University,Thailand,3400,850,775,525,250,400,600,592
University of Karachi,Pakistan,3400,600,675,600,325,425,775,593
National Taiwan University Of Arts,Chinese Taipei,3400,250,500,825,450,750,625,594
Obuda University,Hungary,3375,350,1175,450,300,475,625,595
Indonesia University Of Education,Indonesia,3375,200,725,375,225,775,1075,596
Jawaharlal Institute of Postgraduate Medical Education & Research,India,3350,525,1150,300,125,650,600,597
Universidade Federal Do Abc Ufabc,Brazil,3350,350,875,300,500,750,575,598
University of Sindh Jamshoro,Pakistan,3350,700,500,75,500,900,675,599
West University of Timisoara,Romania,3325,650,850,300,125,950,450,600
Ömer Halisdemir University,Turkey,3300,925,575,450,175,675,500,601
Guru Nanak Dev Engineering College,India,3275,1000,950,450,175,625,75,602
Institute of Business Management,Pakistan,3275,575,750,450,350,475,675,603
University of Engineering & Technology Lahore,Pakistan,3250,600,775,300,250,625,700,604
Universitas Negeri Surabaya,Indonesia,3250,275,650,900,300,225,900,605
Islamic Science University Of Malaysia,Malaysia,3250,900,625,675,250,550,250,606
Selcuk University,Turkey,3250,525,325,975,50,750,625,607
Burapha University,Thailand,3250,975,125,450,175,850,675,608
Kazakhstan Engineering and Technological University,Kazakhstan,3225,225,950,450,250,450,900,609
University of Calcutta,India,3225,575,875,375,300,375,725,610
University of Latvia,Latvia,3225,800,550,450,250,575,600,611
Universitas Sriwijaya,Indonesia,3200,650,750,300,325,350,825,612
Universidad Metropolitana Caracas,Venezuela,3200,1000,550,375,50,475,750,613
Atma Jaya Yogyakarta University,Indonesia,3175,300,900,225,125,325,1300,614
Karabuk University,Turkey,3150,650,575,225,125,775,800,615
Kilis 7 Aralk University,Turkey,3150,525,450,750,150,800,475,616
Universitas Negeri Malang,Indonesia,3125,275,825,600,200,325,900,617
Gunadarma University,Indonesia,3100,175,1075,675,175,375,625,618
Amman Arab University,Jordan,3100,500,975,525,250,375,475,619
Mindanao State University Iligan Institute Of Technology,Philippines,3075,575,700,600,275,525,400,620
Universitas Tarumanagara,Indonesia,3050,300,725,375,300,300,1050,621
Foundation University,Philippines,3025,225,1025,675,200,500,400,622
Astrakhan State University,Russia,3025,400,775,450,200,525,675,623
Panjab University,India,3025,225,700,300,325,500,975,624
Mykolas Romeris University,Lithuania,3025,600,550,450,175,550,700,625
Government College of Engineering Pune,India,3000,550,1150,375,325,375,225,626
Lahore University of Management Sciences,Pakistan,3000,375,975,375,475,475,325,627
Swedish Defence University,Sweden,3000,75,900,600,300,750,375,628
University Petru Maior,Romania,3000,75,900,600,300,750,375,629
University At Bialystok,Poland,3000,400,675,525,450,325,625,630
University of South Africa,South Africa,3000,650,650,600,175,325,600,631
University of Education Winneba,Ghana,2975,350,925,300,525,475,400,632
Integral University,India,2975,450,725,75,200,700,825,633
Polytechnic Of Mersing,Malaysia,2975,875,275,375,75,750,625,634
Universite de Monastir,Tunisia,2950,450,650,525,250,375,700,635
Izmir University Of Economics,Turkey,2925,600,500,450,150,700,525,636
Juraj Dobrila University of Pula,Croatia,2900,575,575,600,100,425,625,637
Vidzeme University Of Applied Sciences,Latvia,2900,400,550,450,250,650,600,638
Yugra State University,Russia,2900,800,425,300,0,700,675,639
Universitas Muhammadiyah Surakarta,Indonesia,2875,300,1050,225,250,825,225,640
Ateneo de Davao University,Philippines,2875,650,900,300,350,225,450,641
Polish Japanese Institute Of Information Technology In Warsaw,Poland,2875,425,650,300,475,775,250,642
Rostov State University Of Railway Transport,Russia,2850,1000,600,0,0,700,550,643
Universidad Nacional del Sur,Argentina,2850,575,350,450,150,475,850,644
University of Galati,Romania,2825,425,725,450,0,725,500,645
Narxoz University,Kazakhstan,2825,450,700,375,0,550,750,646
Instituto Politecnico de Santarem,Portugal,2825,450,575,525,50,575,650,647
Russian State Vocational Pedagogical University,Russia,2800,375,750,375,125,650,525,648
Universitas Tanjungpura,Indonesia,2800,375,675,375,175,375,825,649
University of Tourism and Management in Skopje,Republic of Macedonia,2800,600,650,300,200,575,475,650
Shaheed Benazir Bhutto University Shaheed Benazirabad Sindh,Pakistan,2800,875,425,75,0,1125,300,651
Rajamangala University Of Technology Rattanakosin,Thailand,2800,650,400,300,375,425,650,652
The National University Of Ostroh Academy,Ukraine,2775,625,550,75,150,925,450,653
Universitas Islam Negeri Maulana Malik Ibrahim Malang,Indonesia,2750,250,775,450,100,400,775,654
Universita degli Studi Mediterranea di Reggio Calabria,Italy,2750,375,425,675,50,650,575,655
Sekolah Tinggi Teknik Malang,Indonesia,2725,300,1175,150,100,375,625,656
University of Kwazulu Natal,South Africa,2725,700,550,525,125,325,500,657
Universite de Valenciennes et du Hainaut Cambresis,France,2725,525,450,300,250,375,825,658
Dr Hari Singh Gour University Sagar University,India,2700,300,800,300,200,500,600,659
Rubtsovsk Institute (branch) Of Altai State University,Russia,2700,125,525,150,0,850,1050,660
Petra Christian University,Indonesia,2675,300,850,375,400,275,475,661
Manisa Celal Bayar University,Turkey,2675,650,75,525,250,625,550,662
Universitas PGRI Ronggolawe,Indonesia,2650,300,675,150,150,600,775,663
Universitas Internasional Semen Indonesia,Indonesia,2650,850,550,300,200,375,375,664
President University,Indonesia,2600,225,525,375,0,650,825,665
Damascus University,Syria,2600,375,300,450,200,425,850,666
New Jersey City University,USA,2575,450,575,525,250,475,300,667
Universidad Autonoma De La Ciudad De Mexico,Mexico,2550,450,425,300,200,950,225,668
Karakoram International University,Pakistan,2550,450,200,150,275,600,875,669
Immanuel Kant Baltic Federal University,Russia,2525,475,600,0,0,600,850,670
Zanjan University of Medical Sciences and Health Services,Iran,2500,375,425,375,175,625,525,671
Vologda State University,Russia,2475,425,600,525,50,275,600,672
Instituto Nacional de Antropología e Historia,Mexico,2475,75,275,675,125,725,600,673
Rajabhat Maha Sarakham University,Thailand,2450,250,850,225,250,500,375,674
Benazir Bhutto Shaheed University of Technology & Skill Development,Pakistan,2450,625,700,150,100,725,150,675
Bahauddin Zakariya University,Pakistan,2450,700,425,375,250,350,350,676
Uzhhorod National University,Ukraine,2450,800,125,450,50,425,600,677
Université Cadi Ayyad,Morocco,2400,225,275,375,300,475,750,678
Indira Gandhi National Open University,India,2375,325,700,300,200,550,300,679
Universitas Lambung Mangkurat,Indonesia,2375,575,650,225,0,300,625,680
Russian Presidential Academy Of National Economy And Public Administration,Russia,2375,425,500,450,0,450,550,681
Aga Khan University,Pakistan,2325,725,625,450,325,200,0,682
Universite Abou Bekr Belkaid Tlemcen,Algeria,2300,275,600,0,0,675,750,683
Universidade Federal de Pernambuco,Brazil,2275,450,550,300,225,350,400,684
Universite De Sousse,Tunisia,2275,1125,300,150,0,250,450,685
Universitas Muria Kudus,Indonesia,2250,725,350,300,0,150,725,686
Universiti Pendidikan Sultan Idris,Malaysia,2250,725,200,225,75,350,675,687
Dow University of Health Sciences Karachi,Pakistan,2225,575,625,150,150,650,75,688
Ural State Forest Engineering University,Russia,2225,0,475,450,250,600,450,689
Virtual University Of Pakistan,Pakistan,2225,1075,250,0,0,725,175,690
Universita di Macerata (Universita degli Studi di Macerata),Italy,2175,450,600,450,50,325,300,691
Applied Science University,Bahrain,2150,225,500,525,175,400,325,692
Bacha Khan University Charsadda,Pakistan,2150,925,500,0,100,550,75,693
Universitas Samudera,Indonesia,2125,575,675,150,100,150,475,694
Ivan Franko National University of Lviv,Ukraine,2125,925,300,0,0,375,525,695
Universitas Khairun,Indonesia,2100,350,750,525,200,100,175,696
Universitas Islam Negeri Sumatera Utara Medan,Indonesia,2100,200,725,375,125,375,300,697
Universitas Kuningan,Indonesia,2100,675,600,0,0,150,675,698
Universitas Pendidikan Ganesha,Indonesia,2075,275,675,75,100,175,775,699
American University In Bulgaria,Bulgaria,2050,600,525,300,100,450,75,700
Politeknik Negeri Malang,Indonesia,2000,400,950,0,50,275,325,702
University Of Medicine And Pharmacy Gr T Popa,Romania,2000,125,325,375,50,600,525,703
University of Peshawar,Pakistan,1975,600,500,75,0,425,375,704
Tamil Nadu Dr M G R Medical University,India,1950,75,600,375,350,250,300,705
North Ossetian State University (nosu),Russia,1825,500,300,0,0,475,550,706
Universidad de Cartagena,Colombia,1825,225,225,300,0,450,625,707
Al Akhawayn University in Ifrane,Morocco,1800,900,300,0,50,175,375,708
Pakistan Institute Of Fashion And Design,Pakistan,1775,450,425,300,250,200,150,709
Universidad Central De Nicaragua,Nicaragua,1725,525,150,150,225,375,300,710
Russian State Social University,Russia,1600,600,150,225,0,0,625,711
"University of Sargodha, Sargodha",Pakistan,1400,300,300,0,0,775,25,712
Polytechnic Of Namibia,Namibia,1400,200,150,0,200,150,700,713
Hazara University,Pakistan,1250,525,350,0,0,350,25,714
Shah Abdul Latif University,Pakistan,1175,750,50,0,0,150,225,715
Universidad Peruana Cayetano Heredia,Peru,1100,225,175,450,0,100,150,716
University Of Education,Pakistan,1100,550,150,0,0,325,75,717
"International Islamic University, Islamabad",Pakistan,1050,375,300,0,75,150,150,718
University Of Applied Science And Technology,Iran,1025,75,150,450,50,300,0,719
